キャラクター,名前,イニシャル,種族,性別,ＨＰ,攻撃力,防御力
1,アムペロス,Ａ,モンスター,オス,262,10,11
2,シボーン,Ｓ,人間,女,85,37,69
3,ユスティティア,Ｕ,モンスター,オス,284,25,66
4,グリュプス,Ｇ,モンスター,オス,87,77,64
5,キャロライン,Ｃ,人間,女,221,32,23
6,セネット,Ｓ,人間,女,142,58,73
7,シーマ,Ｓ,人間,女,227,22,55
8,アイギパーン,Ａ,モンスター,オス,195,56,93
9,グッドマン,Ｇ,人間,男,246,83,99
10,デゲロス,Ｄ,モンスター,メス,223,25,20
11,ヒューゴ,？,人間,男,84,21,81
12,ナウシトオス,？,モンスター,メス,224,2,14
13,カッシング,？,人間,男,177,73,24
14,ダラス,？,人間,男,44,37,19
15,リュコメーデス,？,モンスター,オス,251,38,45
16,ゲルハルト,？,人間,男,152,20,41
17,ベルガー,？,人間,男,286,4,39
18,ヘレン,？,人間,女,96,29,2
19,ビューティー,？,人間,女,171,27,95
20,マイアンドス,？,モンスター,メス,92,13,51
21,シャーデー,？,人間,女,120,68,17
22,バイオレット,？,人間,女,258,16,82
23,ダイモス,？,モンスター,オス,176,78,23
24,ファウナ,？,モンスター,オス,169,17,63
25,ツェッペリン,？,人間,男,300,74,74
26,サザーランド,？,人間,男,95,4,28
27,アグネス,Ａ,人間,女,144,2,64
28,アペーモシュ,Ａ,モンスター,メス,199,41,73
29,ビーン,？,人間,男,251,87,92
30,アウゲイア,Ａ,モンスター,オス,247,71,31
31,シデン,？,モンスター,オス,178,71,70
32,ギーガス,？,モンスター,オス,247,86,49
33,ピリュラー,？,モンスター,メス,133,47,45
34,カルナ,？,モンスター,メス,277,83,83
35,ヒューザーズ,？,モンスター,メス,193,52,57
36,スペンサー,？,人間,男,245,30,11
37,エケトス,Ｅ,モンスター,メス,138,3,18
38,サーラ,？,人間,女,136,91,70
39,コリンズ,？,人間,男,134,81,27
40,クララ,？,人間,女,246,76,10
41,カウノス,？,モンスター,オス,234,59,33
42,レウケー,？,モンスター,メス,117,47,46
43,ペンテシレイア,？,モンスター,メス,208,77,66
44,アイティラ,Ａ,モンスター,メス,282,81,58
45,ホイスラー,？,人間,男,279,72,66
46,ローランド,？,人間,男,265,20,94
47,サンダース,？,人間,男,283,10,92
48,ミュラー,？,人間,男,224,63,7
49,ヒューザーズ,？,モンスター,オス,250,58,95
50,ポリュボス,？,モンスター,オス,106,82,59
51,タラオス,？,モンスター,オス,297,22,88
52,ドドーナ,？,モンスター,オス,147,53,22
53,聖天,−,モンスター,オス,225,48,79
54,マールス,？,モンスター,メス,147,55,82
55,モロダー,？,人間,男,198,81,42
56,クリス,？,人間,女,113,30,68
57,メーティス,？,モンスター,オス,216,40,13
58,ベルナール,？,人間,男,248,23,74
59,コスモス,？,人間,女,234,3,53
60,バスカーク,？,人間,男,75,59,61
61,バキス,？,モンスター,メス,134,6,10
62,オイバロス,？,モンスター,オス,282,11,75
63,ミニァデス,？,モンスター,オス,60,27,23
64,ザック,Ｚ,人間,男,129,20,90
65,モロッソス,？,モンスター,メス,135,37,40
66,リュクルゴス,？,モンスター,メス,157,46,7
67,イヌウス,Ｉ,モンスター,メス,91,74,70
68,ヒポテース,？,モンスター,メス,259,46,28
69,スウィフト,？,人間,男,299,58,38
70,エウケノル,Ｅ,モンスター,オス,182,84,13
71,ニュート,？,人間,女,231,14,30
72,ボイネー,？,モンスター,メス,296,16,76
73,キンバリー,？,人間,男,123,10,9
74,ファメース,？,モンスター,メス,290,69,88
75,ティスペー,？,モンスター,メス,281,42,19
76,ダナエー,？,モンスター,オス,289,8,22
77,アルベルト,Ａ,人間,男,256,67,42
78,エリック,？,人間,男,180,85,38
79,ジーン,？,人間,男,150,29,95
80,タティウス,？,モンスター,メス,220,4,84
81,イブ,Ｉ,人間,女,161,64,70
82,メアリー,？,人間,女,152,7,73
83,プロテウス,？,モンスター,オス,281,40,61
84,ジャッキー,？,人間,女,178,83,25
85,クレオビス,？,モンスター,メス,27,21,15
86,アクエリアス,Ａ,人間,女,128,8,22
87,シビュレー,？,モンスター,メス,280,45,79
88,ポティーティ,？,モンスター,メス,227,17,67
89,マクガイル,？,人間,男,156,44,56
90,エウエノス,Ｅ,モンスター,メス,201,27,65
91,マチルダ,？,人間,女,201,69,60
92,インディ,Ｉ,人間,男,267,41,82
93,スタンレー,？,人間,男,159,38,96
94,ソルヴェー,？,人間,男,162,70,4
95,フォワード,？,人間,男,166,12,60
96,カッツ,？,人間,男,136,42,16
97,エウポルポ,Ｅ,モンスター,メス,148,63,35
98,テオパネー,？,モンスター,メス,70,13,38
99,ダイアナ,？,人間,女,98,85,38
100,ロゼ,？,人間,女,134,90,12
101,ヴァネッサ,Ｖ,人間,女,262,66,5
102,ネッソス,？,モンスター,オス,291,16,27
103,ワイアット,Ｗ,人間,男,135,69,22
104,ガレオ,？,モンスター,オス,198,83,72
105,エウノモス,Ｅ,モンスター,メス,142,86,55
106,マルコム,？,人間,男,199,91,11
107,レオポルト,？,人間,男,270,39,57
108,ホーガン,？,人間,男,137,97,46
109,タミュリス,？,モンスター,メス,159,11,95
110,オレンジ,？,人間,女,231,24,18
111,,？,人間,男,157,62,73
112,ヒポテース,？,モンスター,オス,217,23,45
113,オーロラ,？,人間,女,190,33,50
114,アイサコス,Ａ,モンスター,メス,202,67,74
115,ゼリグ,？,人間,男,238,55,38
116,ジラルド,？,人間,男,149,70,11
117,マーウォルス,？,モンスター,メス,186,71,87
118,バーニィ,？,人間,男,172,22,71
119,ロベルト,？,人間,男,119,82,72
120,ピタネ,？,モンスター,オス,260,89,69
121,キュベレー,？,モンスター,メス,99,73,76
122,カリス,？,モンスター,メス,207,59,50
123,ドグ,？,人間,男,144,71,31
124,ディアス,？,人間,男,120,80,48
125,雪風,−,モンスター,オス,97,56,57
126,オバノン,？,人間,男,299,84,65
127,メラニー,？,人間,女,124,2,48
128,キンブル,？,人間,男,257,34,64
129,イジュラン,Ｉ,人間,男,197,49,94
130,モエ,？,人間,女,296,72,85
131,アイオリデス,Ａ,モンスター,メス,111,17,33
132,ミーノス,？,モンスター,オス,138,84,39
133,エルティアナ,？,人間,女,116,81,25
134,ニールソン,？,人間,男,291,58,69
135,シーシュポス,？,モンスター,メス,152,70,33
136,ジョセフィーヌ,？,人間,女,271,99,35
137,ゴードン,？,人間,男,206,48,2
138,アニオス,Ａ,モンスター,オス,178,20,76
139,カピュス,？,モンスター,オス,140,78,51
140,サリオス,？,モンスター,オス,185,87,60
141,シュバリス,？,モンスター,メス,270,60,26
142,ペライアー,？,モンスター,メス,229,70,49
143,デイマコス,？,モンスター,オス,265,10,85
144,リノス,？,モンスター,メス,244,96,54
145,テューボン,？,モンスター,オス,108,12,22
146,テレパッサ,？,モンスター,メス,83,81,27
147,ケイ,？,人間,女,297,66,85
148,アーネスト,Ａ,人間,女,240,73,7
149,キャンディ,？,人間,女,53,38,18
150,ホィットマン,？,人間,男,99,16,64
151,ゴーシュ,？,人間,男,112,90,62
152,リュコプローン,？,モンスター,メス,239,64,50
153,イングラム,Ｉ,人間,男,183,30,92
154,エラトス,？,モンスター,メス,298,96,40
155,カティルス,？,モンスター,オス,254,95,92
156,アリス,Ａ,人間,女,103,98,92
157,シュバリス,？,モンスター,オス,185,56,11
158,パネース,？,モンスター,オス,207,81,9
159,ソリューズ,？,人間,男,231,19,15
160,ペナーテス,？,モンスター,メス,226,100,3
161,アベル,Ａ,人間,男,136,40,17
162,モンタナ,？,人間,男,290,93,97
163,ミセリコルディ,？,モンスター,メス,174,50,15
164,シェパード,？,人間,女,198,76,24
165,ジーク,？,人間,男,79,9,4
166,アイギュプトス,Ａ,モンスター,メス,200,79,42
167,メストール,？,モンスター,メス,279,50,21
168,アイギパーン,Ａ,モンスター,メス,143,10,10
169,ヘーリオス,？,モンスター,メス,254,75,43
170,リュンコス,？,モンスター,オス,157,36,17
171,パトリシア,？,人間,女,133,86,72
172,メラムブース,？,モンスター,メス,48,41,38
173,シューメー,？,モンスター,メス,165,59,43
174,ミセリコルディ,？,モンスター,オス,166,61,60
175,クラウディア,？,人間,女,221,23,68
176,ラティノス,Ｒ,モンスター,メス,282,39,100
177,ジャネット,？,人間,女,214,45,60
178,エラトー,？,モンスター,メス,277,74,86
179,ミューケナイア,？,モンスター,メス,262,9,21
180,デイジー,？,人間,女,284,56,50
181,ポリュカオン,？,モンスター,メス,254,42,64
182,ペリパノス,？,モンスター,メス,287,11,22
183,ライオス,？,モンスター,オス,264,71,25
184,オプス,Ｏ,モンスター,メス,279,98,100
185,イオペー,Ｉ,モンスター,オス,138,26,22
186,サムソン,？,人間,男,178,3,11
187,ペリアス,？,モンスター,オス,188,89,81
188,エウケノル,Ｅ,モンスター,メス,115,32,39
189,ペリパノス,？,モンスター,オス,281,61,32
190,プレグラー,？,モンスター,オス,294,77,61
191,ドリス,？,人間,女,160,79,7
192,カムペ,？,モンスター,オス,250,57,80
193,オメガ,？,モンスター,メス,226,54,64
194,ケイト,？,人間,女,176,27,56
195,ボーヴィル,？,人間,男,127,58,35
196,マンディ,？,人間,女,293,42,46
197,ラムダ,？,人間,女,191,41,38
198,ナタリー,Ｎ,人間,女,166,77,98
199,デイマコス,？,モンスター,メス,161,87,86
200,シルフィ,？,人間,女,274,90,36
201,フィアナ,？,人間,女,148,24,10
202,ナンシー,？,人間,女,258,73,73
203,ウォーゼル,？,人間,男,300,49,43
204,ニール,？,人間,男,294,73,73
205,ダミアー,？,モンスター,メス,79,32,26
206,パパイヤ,？,人間,女,204,79,83
207,ヴァレリー,Ｖ,人間,女,172,14,92
208,プロクリス,？,モンスター,メス,154,6,94
209,エウパラモ,Ｅ,モンスター,メス,130,53,66
210,アマンダ,Ａ,人間,女,255,15,67
211,フェルドマン,？,人間,男,260,42,63
212,セメレー,？,モンスター,オス,67,33,27
213,ラウェルナ,？,モンスター,オス,76,69,75
214,カーツ,？,人間,男,145,74,67
215,ディック,？,人間,男,115,74,47
216,テュイア,？,モンスター,オス,268,11,71
217,ヘルキューナ,？,モンスター,オス,115,61,40
218,スザンヌ,？,人間,女,245,74,50
219,ノックス,？,人間,男,280,8,48
220,エイドテア,Ｅ,モンスター,オス,285,26,83
221,エピゴノイ,？,モンスター,メス,217,65,49
222,ゼル,？,人間,男,81,40,12
223,闇風,−,モンスター,オス,131,93,85
224,ゼメキス,Ｘ,人間,男,236,51,9
225,幻夢,−,モンスター,オス,101,63,83
226,アネット,Ａ,人間,女,156,66,87
227,ジャンヌ,？,人間,女,99,44,47
228,グロリア,？,人間,女,39,19,6
229,ペーダソス,？,モンスター,オス,221,29,74
230,エーピオネ,Ｅ,モンスター,メス,274,45,49
231,ハリアーラ,？,モンスター,オス,272,10,92
232,シビュレー,？,モンスター,オス,271,31,37
233,ドノバン,？,人間,男,293,2,82
234,ギーガス,？,モンスター,メス,248,98,77
235,ナスターシャ,？,人間,女,106,23,66
236,ハンナ,？,人間,女,139,55,87
237,ラダマンティス,？,モンスター,メス,163,82,39
238,プロトオス,？,モンスター,メス,211,93,53
239,ダイスン,？,人間,男,281,63,26
240,ディオンヌ,？,人間,女,184,10,8
241,マカリアー,？,モンスター,オス,252,89,66
242,エルザ,？,人間,女,72,30,66
243,ヒルダ,？,人間,女,264,42,80
244,エステベス,？,人間,男,212,30,33
245,マロン,？,人間,女,95,65,16
246,アリサ,Ａ,人間,女,273,90,48
247,バニラ,？,人間,女,69,58,6
248,雪風,−,モンスター,メス,300,64,42
249,イスキュス,Ｉ,モンスター,メス,272,36,83
250,アルスノバ,Ａ,モンスター,オス,129,85,48
251,トレイシー,？,人間,女,207,73,25
252,ランバルディ,？,人間,男,278,84,52
253,ウォルター,？,人間,男,118,64,51
254,ブロンテス,？,モンスター,メス,180,87,90
255,パッサカリア,？,モンスター,オス,248,27,50
256,イーピス,Ｉ,モンスター,オス,84,41,39
257,メイ,？,人間,女,88,83,63
258,ミシェル,？,人間,女,261,34,53
259,ブロンテス,？,モンスター,オス,292,98,74
260,ヘーリオス,？,モンスター,オス,284,75,68
261,サリー,？,人間,女,227,100,72
262,ラティノス,？,モンスター,オス,244,12,32
263,エルペノル,？,モンスター,オス,121,68,61
264,パッツィ,？,人間,女,267,85,69
265,サキ,？,人間,女,167,57,6
266,アクア,Ａ,人間,女,229,78,33
267,レウコーン,？,モンスター,オス,175,95,90
268,オイバロス,？,モンスター,メス,176,28,32
269,ライザ,？,人間,女,247,64,60
270,サバティーニ,？,人間,女,92,27,50
271,シルウァーヌ,？,モンスター,オス,123,77,53
272,ギュアース,？,モンスター,オス,143,23,36
273,ミーノス,？,モンスター,メス,256,2,31
274,ポリュカオン,？,モンスター,オス,256,75,71
275,アイサコス,Ａ,モンスター,オス,266,20,50
276,ルーク,？,人間,男,238,87,94
277,オクシュロス,？,モンスター,メス,133,56,40
278,シータ,？,人間,女,176,92,84
279,カレン,？,人間,女,204,76,22
280,イザベラ,Ｉ,人間,女,194,98,95
281,アリエル,Ａ,人間,女,212,70,84
282,シモーヌ,？,人間,女,298,58,44
283,ダニエル,？,人間,男,260,44,90
284,セルフィーナ,？,人間,女,162,65,27
285,アルフォンヌ,Ａ,人間,女,197,100,41
286,ペパーミント,？,人間,女,133,22,2
287,アカイア,Ａ,モンスター,オス,123,86,17
288,アルカディア,Ａ,モンスター,オス,137,6,25
289,マクレディ,？,人間,男,170,23,1
290,エニペーウ,？,モンスター,オス,170,7,79
291,ラーズ,？,人間,男,277,43,6
292,アドニス,Ａ,モンスター,オス,19,19,17
293,サティロス,？,モンスター,メス,204,21,93
294,トアース,？,モンスター,オス,193,29,55
295,メロプス,？,モンスター,オス,291,87,50
296,プロテウス,？,モンスター,メス,169,63,90
297,アトロポス,Ａ,モンスター,メス,110,87,81
298,レゴリオ,？,モンスター,メス,203,34,40
299,セス,？,人間,女,103,14,39
300,ムルキベル,？,モンスター,メス,229,60,65
301,ベモンド,？,人間,男,283,43,19
302,パーカー,？,人間,男,157,55,19
303,アーキス,Ａ,モンスター,メス,252,30,16
304,ブルース,？,人間,男,56,22,30
305,キララ,Ｋ,人間,女,208,73,97
306,クライブ,？,人間,男,144,59,96
307,キャリー,？,人間,女,274,22,99
308,レイモネー,？,モンスター,オス,243,89,77
309,アルゴ,Ａ,モンスター,オス,101,13,48
310,ジョディ,？,人間,女,297,68,74
311,メネステウル,？,モンスター,オス,145,60,79
312,メラネウス,？,モンスター,メス,185,78,31
313,レイア,？,モンスター,オス,282,22,61
314,バレンタイン,？,人間,男,80,71,26
315,テイラー,？,人間,男,187,17,72
316,ミリア,？,人間,女,118,17,43
317,チップス,？,人間,男,142,47,37
318,イオペー,Ｉ,モンスター,メス,170,92,4
319,フェイ,？,人間,女,259,56,75
320,カウコーン,？,モンスター,オス,161,40,71
321,セレシュ,？,人間,女,112,79,50
322,ティート,？,人間,女,167,81,58
323,ソール,？,モンスター,メス,182,68,89
324,ウラヌス,Ｕ,モンスター,オス,225,96,76
325,ローウェル,？,人間,男,91,32,13
326,アルクメーネ,Ａ,モンスター,オス,297,67,32
327,エーコー,Ｅ,モンスター,オス,205,42,61
328,ナイジェル,？,人間,男,232,34,13
329,オメガ,？,モンスター,オス,163,84,90
330,リュコプローン,？,モンスター,オス,271,45,80
331,シェリル,？,人間,女,105,83,66
332,ラルフ,Ｌ,人間,男,282,82,100
333,ディアナ,？,人間,女,222,40,68
334,イアンテー,Ｉ,モンスター,オス,281,15,21
335,フレドー,？,人間,男,198,68,34
336,ジョアンナ,？,人間,女,187,16,13
337,カルメン,？,人間,女,87,16,83
338,レイア,？,モンスター,メス,281,39,62
339,シンディ,？,人間,女,149,60,59
340,ペイレネ,？,モンスター,メス,159,54,97
341,ダルダノス,？,モンスター,オス,169,76,55
342,カーマイン,？,人間,男,292,55,80
343,ラディネー,？,モンスター,メス,221,54,70
344,ニーナ,？,人間,女,218,1,52
345,バキス,？,モンスター,オス,149,40,52
346,テュイア,？,モンスター,メス,122,21,14
347,バークレー,？,人間,男,75,14,34
348,ガルシア,？,人間,男,166,62,7
349,エウポルポ,Ｅ,モンスター,オス,117,39,79
350,エリオット,？,人間,男,132,18,6
351,ローザ,？,人間,女,144,92,34
352,コーネリア,？,人間,女,163,80,10
353,ペルセース,？,モンスター,メス,193,93,9
354,リベンティーナ,？,モンスター,メス,245,2,72
355,タッカート,？,人間,男,246,74,13
356,オーウェル,？,人間,男,86,14,20
357,アイアンサイド,Ａ,人間,男,251,64,17
358,イリア,Ｉ,人間,女,260,7,93
359,ナウシトオス,？,モンスター,オス,153,87,37
360,ブリジット,？,人間,女,120,7,74
361,バロック,？,モンスター,メス,290,80,17
362,キャロル,？,人間,女,233,4,82
363,ブルーノ,？,人間,男,255,26,90
364,セティ,？,人間,女,114,75,74
365,テウクロス,？,モンスター,オス,199,17,14
366,アイトーン,Ａ,モンスター,オス,262,18,86
367,ネメア,？,モンスター,メス,223,54,81
368,キュクノス,？,モンスター,オス,90,46,16
369,ペニアー,？,モンスター,メス,123,64,79
370,ミネルヴァ,？,人間,女,122,67,45
371,クラロス,？,モンスター,オス,118,37,97
372,クラロス,？,モンスター,メス,275,62,64
373,エスメラルダ,？,人間,女,245,23,12
374,フォボス,？,モンスター,メス,90,68,55
375,サンディ,？,人間,女,269,15,42
376,ノミオス,？,モンスター,メス,94,80,49
377,ポリュクソー,？,モンスター,メス,172,4,69
378,レオン,？,人間,男,168,20,77
379,セヴェリーニ,？,人間,男,247,98,70
380,デニス,？,人間,男,65,7,38
381,バッカス,？,モンスター,メス,65,33,26
382,エーコー,Ｅ,モンスター,メス,263,88,25
383,アルクメーネ,Ａ,モンスター,メス,288,63,65
384,イアモス,Ｉ,モンスター,オス,103,27,65
385,ガラティア,？,モンスター,メス,181,31,28
386,ソフィア,？,人間,女,284,67,16
387,サラダ,？,人間,女,276,60,86
388,リューシッペー,？,モンスター,オス,127,6,84
389,ヒエン,？,モンスター,メス,91,57,8
390,モリスン,？,人間,男,289,9,28
391,アンティゴネ,Ａ,モンスター,オス,203,98,79
392,ディーコン,？,人間,男,243,1,44
393,バーン,？,人間,男,264,3,13
394,アンジェリカ,Ａ,人間,女,222,6,99
395,ブライアン,Ｂ,人間,男,245,17,100
396,シャーリー,？,人間,女,262,37,51
397,コンスタンス,？,人間,女,118,99,31
398,ラオデュケー,？,モンスター,オス,99,77,66
399,ドミニク,？,人間,女,247,78,74
400,ランドルフ,？,人間,男,122,34,3
401,イライザ,Ｉ,人間,女,294,28,78
402,クィン,Ｑ,人間,女,224,71,75
403,ヴィクター,Ｖ,人間,男,180,93,40
404,プラシオス,？,モンスター,メス,103,7,62
405,マリリン,？,人間,女,297,69,85
406,ボイル,？,人間,男,256,10,35
407,フリージア,？,人間,女,60,25,40
408,マクノートン,？,人間,男,167,98,18
409,ヘルキューナ,？,モンスター,メス,122,81,24
410,ニュクス,？,モンスター,メス,143,43,61
411,スーザン,？,人間,女,292,45,56
412,ラミア,？,人間,女,145,92,29
413,プトノス,？,モンスター,オス,66,23,41
414,ミュリーネ,？,モンスター,オス,121,64,48
415,シキュオーン,？,モンスター,メス,235,53,15
416,デルポイ,？,モンスター,メス,194,19,55
417,イーロス,Ｉ,モンスター,オス,112,77,95
418,ペライアー,？,モンスター,オス,83,27,17
419,ジェリド,Ｊ,人間,男,282,58,99
420,アルゴ,Ａ,モンスター,メス,74,34,45
421,ラット,？,人間,男,155,99,29
422,アイトネー,Ａ,モンスター,メス,108,41,72
423,ディロン,？,人間,男,238,43,18
424,アムペロス,Ａ,モンスター,メス,141,12,93
425,サティロス,？,モンスター,オス,115,96,84
426,タミュリス,？,モンスター,オス,136,2,51
427,雷電,−,モンスター,オス,269,69,14
428,アスカラボス,Ａ,モンスター,オス,159,88,80
429,ソール,？,モンスター,オス,242,44,19
430,ベアトリーチェ,？,人間,女,168,33,18
431,ビンセント,？,人間,男,274,36,72
432,アイオン,Ａ,モンスター,オス,134,18,47
433,アウゲイア,Ａ,モンスター,メス,194,15,49
434,リュコメーデス,？,モンスター,メス,287,75,17
435,アイギュプトス,Ａ,モンスター,オス,72,40,55
436,オットー,？,人間,男,228,38,77
437,オルティア,？,モンスター,メス,113,72,13
438,アイサ,Ａ,モンスター,メス,108,12,24
439,ギリアム,？,人間,男,93,61,2
440,アペーモシュ,Ａ,モンスター,オス,110,79,90
441,カトリーヌ,？,人間,女,208,15,29
442,レゴリオ,？,モンスター,オス,218,47,80
443,ベック,？,人間,男,132,67,29
444,ベネディクト,？,人間,男,83,17,31
445,オクシュロス,？,モンスター,オス,142,76,64
446,エウロペ,Ｅ,モンスター,オス,210,72,72
447,ティア,？,人間,女,117,55,73
448,ミレーユ,？,人間,女,117,73,50
449,アウソーン,Ａ,モンスター,メス,209,32,14
450,ネイザン,？,人間,男,95,27,5
451,マデリーヌ,？,人間,女,116,2,95
452,デボラ,？,人間,女,140,29,93
453,ユーゴ,？,人間,男,75,67,54
454,ウェスタ,？,モンスター,オス,124,20,36
455,モネルス,？,モンスター,オス,191,93,90
456,アイヴォリー,Ａ,人間,女,297,17,98
457,ノーラ,？,人間,女,66,24,15
458,シルヴィア,？,人間,女,211,29,78
459,タンタルス,？,モンスター,オス,46,28,5
460,エレン,？,人間,女,95,9,10
461,ブラット,？,人間,男,216,28,59
462,デアシュリア,？,モンスター,オス,38,23,4
463,ジョリーン,？,人間,女,147,87,52
464,ジャスミン,？,人間,女,259,55,45
465,オードリー,？,人間,女,69,6,24
466,ドーマ,Ｄ,人間,男,277,42,99
467,アーノルド,Ａ,人間,男,74,65,8
468,ゾーラ,？,人間,女,94,16,73
469,プリクソス,？,モンスター,メス,270,13,49
470,エッカート,？,人間,男,277,13,77
471,ティナ,？,人間,女,94,56,70
472,ラッシュ,？,人間,男,281,25,25
473,ノートン,？,人間,男,209,42,83
474,テルクシオン,？,モンスター,メス,114,78,76
475,ペリーヌ,？,人間,女,110,18,65
476,ベレキュンティ,？,モンスター,オス,238,13,93
477,リビュケー,？,モンスター,オス,211,40,21
478,アンナ,Ａ,人間,女,259,3,47
479,グイン,？,人間,男,275,47,26
480,アルカディア,Ａ,モンスター,メス,196,88,64
481,ケルミス,？,モンスター,メス,258,61,79
482,ディベルカ,？,人間,男,291,79,38
483,アイオリデス,Ａ,モンスター,オス,142,90,1
484,フィンク,？,人間,男,188,84,83
485,ダビッド,？,人間,男,299,6,84
486,ケイエス,？,モンスター,オス,266,8,62
487,シンデレラ,？,人間,女,178,18,4
488,ポルテウスボロス,Ｐ,モンスター,オス,184,39,96
489,プラシオス,？,モンスター,オス,72,69,71
490,イスキュス,Ｉ,モンスター,オス,225,57,62
491,バロック,？,モンスター,オス,179,74,67
492,ヤーヌス,？,モンスター,オス,83,58,59
493,ピタネ,？,モンスター,メス,128,57,89
494,ガストン,？,人間,男,249,62,98
495,マリアン,？,人間,女,82,81,62
496,バダム,？,人間,男,136,30,53
497,ラドクリフ,？,人間,男,95,5,19
498,エディ,？,人間,男,137,17,79
499,ケルミス,？,モンスター,オス,276,95,49
500,バリントン,？,人間,男,97,70,80
501,ティララ,？,人間,女,126,17,28
502,ジェシカ,？,人間,女,258,9,30
503,オニール,？,人間,男,134,87,31
504,ピーソス,？,モンスター,オス,143,87,7
505,ネアイラ,？,モンスター,メス,160,96,75
506,フォアシュピル,？,モンスター,オス,152,90,53
507,パリス,？,モンスター,メス,211,29,40
508,オーサ,？,人間,男,166,34,55
509,ユーピテル,？,モンスター,メス,111,21,33
510,キリクス,？,モンスター,メス,159,62,97
511,ダイモス,？,モンスター,メス,234,89,23
512,ムルキベル,？,モンスター,オス,94,25,85
513,アティス,Ａ,モンスター,オス,293,91,52
514,ハミルトン,？,人間,男,212,8,90
515,エウアドネ,Ｅ,モンスター,メス,84,25,13
516,ラダマンティス,？,モンスター,オス,102,40,66
517,メラネウス,？,モンスター,オス,160,69,6
518,ネメア,？,モンスター,オス,224,37,91
519,エルペノル,？,モンスター,メス,255,24,80
520,エレーヌ,？,人間,女,100,15,26
521,プリアモス,？,モンスター,オス,143,90,96
522,エリー,？,人間,女,170,89,56
523,エイミー,Ｅ,人間,女,80,21,57
524,ミュルトー,？,モンスター,オス,175,68,95
525,ペンテシレイア,？,モンスター,オス,280,25,43
526,キティ,？,人間,女,256,41,36
527,ポティーティ,？,モンスター,オス,132,64,88
528,グレース,？,人間,女,278,71,72
529,ナバール,？,人間,男,219,49,71
530,エメラルド,？,人間,女,270,15,51
531,デミー,？,人間,女,115,26,47
532,ミランダ,？,人間,女,198,80,70
533,タラオス,？,モンスター,メス,248,32,74
534,バートン,？,人間,男,99,38,91
535,モネルス,？,モンスター,メス,203,12,54
536,バーティス,？,人間,男,208,35,74
537,バグシー,？,人間,男,105,90,23
538,シャレーヌ,？,人間,女,76,59,27
539,タティウス,？,モンスター,オス,254,60,3
540,スカーレット,？,人間,女,189,58,60
541,ドリュオペー,？,モンスター,メス,241,36,3
542,リバルディ,？,人間,男,103,73,79
543,モーリス,？,人間,男,266,40,64
544,ヒエン,？,モンスター,オス,159,77,2
545,プルミア,？,人間,女,231,75,84
546,スコット,？,人間,男,246,77,72
547,リビュケー,？,モンスター,メス,146,25,28
548,マルガリータ,？,人間,女,298,22,71
549,ナウテース,？,モンスター,メス,133,80,80
550,フィロウ,？,人間,男,155,73,68
551,ポーラ,？,人間,女,236,11,63
552,プロミオス,？,モンスター,オス,252,51,17
553,カピュス,？,モンスター,メス,275,67,63
554,ドロシー,？,人間,女,164,2,42
555,ニキータ,？,人間,女,128,53,45
556,ベリンダ,？,人間,女,271,8,54
557,ジャド,？,人間,男,273,95,44
558,キュージコス,？,モンスター,オス,100,4,55
559,ジューン,？,人間,女,142,96,94
560,ジュリエット,？,人間,女,30,7,19
561,コリー,？,人間,女,296,100,66
562,レッドフォード,？,人間,男,138,13,63
563,キュクノス,？,モンスター,メス,92,1,51
564,カシム,？,人間,男,289,17,81
565,ポナパルト,？,人間,男,287,52,14
566,ヘミテーア,？,モンスター,オス,193,18,92
567,シンシア,？,人間,女,296,88,59
568,プレグラー,？,モンスター,メス,143,68,96
569,レイチェル,？,人間,女,107,35,46
570,アイオン,Ａ,モンスター,メス,85,14,77
571,パド,？,人間,男,287,59,3
572,デルキュノス,？,モンスター,オス,164,93,92
573,ペイレネ,？,モンスター,オス,100,75,83
574,クレオビス,？,モンスター,オス,188,53,61
575,ベイカー,？,人間,男,279,6,50
576,ガーネット,？,人間,女,221,84,88
577,ライオス,？,モンスター,メス,217,95,52
578,クッキー,？,人間,女,182,56,1
579,エイブラハム,Ｅ,人間,男,299,50,97
580,プトノス,？,モンスター,メス,185,39,49
581,アイミィ,Ａ,人間,女,284,62,95
582,エヴァ,Ｅ,人間,女,270,42,36
583,ポリュダムナ,？,モンスター,メス,121,89,23
584,ラムペトス,？,モンスター,メス,92,24,19
585,ディアース,？,モンスター,メス,242,40,97
586,グリュプス,？,モンスター,メス,270,57,29
587,ラヴェル,？,人間,男,152,5,49
588,リーブス,？,人間,男,176,44,99
589,レウケー,？,モンスター,オス,72,22,55
590,テッド,？,人間,男,111,65,30
591,ミニュアス,？,モンスター,メス,135,67,60
592,ウッデイ,Ｕ,人間,男,72,13,15
593,ミナコウ,？,モンスター,メス,112,30,56
594,ストロベリー,？,人間,女,162,98,76
595,フランソワ,？,人間,女,85,33,78
596,ゴルドン,？,人間,男,210,55,2
597,ラトナー,？,モンスター,オス,180,9,68
598,ジェニック,？,人間,女,108,12,42
599,ディエス,？,モンスター,メス,234,83,89
600,バーシア,？,人間,女,109,2,46
601,マリア,？,人間,女,219,55,25
602,デイビス,？,人間,男,168,81,71
603,ウィリー,？,人間,男,83,9,80
604,カーシャ,？,人間,女,146,37,76
605,ジンジャー,？,人間,女,271,68,45
606,ラオデュケー,？,モンスター,メス,76,5,71
607,アナリーゼ,Ａ,モンスター,メス,287,19,14
608,タイラー,？,人間,男,148,6,92
609,デルタ,？,人間,男,211,67,20
610,メタネイラ,？,モンスター,メス,218,30,22
611,メネステウル,？,モンスター,メス,267,20,52
612,ラウスス,？,モンスター,メス,209,76,98
613,デゲロス,？,モンスター,オス,149,64,85
614,ウラヌス,Ｕ,モンスター,メス,269,94,27
615,コニー,？,人間,女,220,62,45
616,テオパネー,？,モンスター,オス,82,26,55
617,ラピテース,？,モンスター,メス,192,88,22
618,ガイラー,？,人間,男,192,40,57
619,ヴェロニカ,？,人間,女,121,91,83
620,アドニス,Ａ,モンスター,メス,132,61,38
621,ミュルトー,？,モンスター,メス,216,81,4
622,アナリーゼ,Ａ,モンスター,オス,278,37,69
623,アカコス,Ａ,モンスター,メス,271,1,88
624,マーゴ,？,人間,女,123,57,59
625,ジャンク,？,人間,男,105,98,89
626,タトゥーロー,Ｔ,人間,男,222,75,97
627,ドドーナ,？,モンスター,メス,102,94,28
628,ボイネー,？,モンスター,オス,96,95,43
629,ビクトリア,？,人間,女,299,66,24
630,エラトス,？,モンスター,オス,180,37,10
631,フレディー,？,人間,男,213,80,54
632,ジーナ,？,人間,女,286,81,19
633,マーウォルス,？,モンスター,オス,244,87,25
634,ペルセポネー,？,モンスター,メス,36,18,20
635,ボヌス,？,モンスター,オス,194,10,89
636,マカーオン,？,モンスター,メス,227,20,80
637,メーティス,？,モンスター,メス,224,54,50
638,カメルス,？,モンスター,オス,174,23,52
639,ガラティア,？,モンスター,オス,286,97,66
640,ドレス,？,人間,女,281,45,11
641,聖天,−,モンスター,メス,117,32,99
642,サンドラ,？,人間,女,142,3,82
643,オルティア,？,モンスター,オス,236,78,7
644,ハンフリー,？,人間,男,270,46,92
645,ダーナー,？,人間,男,280,6,92
646,カメルス,？,モンスター,メス,117,81,32
647,ネライラ,？,モンスター,オス,213,51,2
648,レベッカ,？,人間,女,114,1,66
649,ショーター,？,人間,男,125,86,40
650,フラニー,？,人間,女,168,78,12
651,アイサ,Ａ,モンスター,オス,264,42,85
652,アマルガン,Ａ,人間,男,115,22,25
653,ラインハルト,？,人間,男,151,61,24
654,ミスティ,？,人間,女,96,21,73
655,ローラ,？,人間,女,68,65,63
656,シデン,？,モンスター,メス,154,99,42
657,ケイエス,？,モンスター,メス,138,58,89
658,スワン,？,人間,女,206,6,40
659,イェーガー,Ｙ,人間,男,274,98,72
660,パリス,？,モンスター,オス,111,30,62
661,マイアンドス,？,モンスター,オス,90,32,80
662,バーナード,？,人間,男,128,53,92
663,マルレーン,？,人間,女,284,21,46
664,シェーンベルグ,？,人間,男,276,34,52
665,クリスティ,？,人間,女,205,67,42
666,クラリス,？,人間,女,125,12,80
667,マーティー,？,人間,男,144,58,36
668,メイフィールド,？,人間,男,110,100,31
669,ムーサ,？,モンスター,オス,171,30,24
670,エミリー,？,人間,女,269,98,46
671,デアシュリア,？,モンスター,メス,201,90,26
672,ネイロス,？,モンスター,メス,168,59,53
673,イーピス,Ｉ,モンスター,メス,185,63,100
674,セルジュ,？,人間,男,293,87,64
675,テュケー,？,モンスター,メス,209,97,63
676,メガレウス,？,モンスター,メス,204,65,33
677,アイトーン,Ａ,モンスター,メス,245,99,70
678,シャロン,？,人間,女,273,28,22
679,ラディネー,？,モンスター,オス,86,37,76
680,エウノモス,Ｅ,モンスター,オス,99,83,49
681,ピリュラー,？,モンスター,オス,184,23,50
682,ポリュクソー,？,モンスター,オス,183,93,40
683,シェイカー,？,人間,男,173,1,64
684,アンディ,Ａ,人間,男,194,71,11
685,ラディッシュ,？,人間,男,183,97,14
686,ジェニー,？,人間,女,221,73,95
687,シルキィ,？,人間,女,86,26,56
688,天舞,−,モンスター,オス,211,15,49
689,エリザベート,？,人間,女,165,34,90
690,ラピテース,？,モンスター,オス,116,10,37
691,ヘリアース,？,モンスター,オス,277,46,39
692,キリクス,？,モンスター,オス,251,11,66
693,ニコル,？,人間,男,250,84,38
694,ファメース,？,モンスター,オス,279,75,72
695,アーキス,Ａ,モンスター,オス,212,7,81
696,オプス,？,モンスター,オス,274,85,66
697,ニルソン,？,人間,男,121,14,66
698,ヘンドリクセン,？,人間,男,237,27,69
699,アウソーン,Ａ,モンスター,オス,148,72,48
700,メストール,？,モンスター,オス,179,49,15
701,カリス,？,モンスター,オス,121,39,85
702,ティティス,？,人間,女,212,52,55
703,マクニール,？,人間,男,63,11,17
704,マーガレット,？,人間,女,136,39,33
705,メタネイラ,？,モンスター,オス,152,63,52
706,オフェーリア,？,人間,女,230,22,31
707,ヒックス,？,人間,男,238,29,69
708,リューシッペー,？,モンスター,メス,298,86,80
709,ユーピテル,？,モンスター,オス,297,97,56
710,テレパッサ,？,モンスター,オス,281,88,82
711,メムピス,？,モンスター,オス,163,41,49
712,フローネ,？,人間,女,254,20,33
713,テイシア,？,人間,女,294,35,4
714,リンダ,？,人間,女,296,11,69
715,ドリュオペー,？,モンスター,オス,226,62,98
716,キュベレー,？,モンスター,オス,102,92,94
717,ドレーパー,？,人間,男,258,99,28
718,テス,？,人間,女,207,46,21
719,ブラッキィ,？,人間,男,116,93,86
720,レナード,？,人間,男,273,2,66
721,ルーシー,？,人間,女,95,15,59
722,エバンズ,？,人間,男,135,55,8
723,ドースン,？,人間,男,300,7,18
724,カルナ,？,モンスター,オス,140,7,34
725,ボヌス,？,モンスター,メス,77,61,21
726,メトーペ,？,モンスター,メス,286,41,72
727,エニペーウ,？,モンスター,メス,255,47,87
728,アンダーソン,Ａ,人間,男,288,82,32
729,天舞,−,モンスター,メス,127,82,25
730,トンプソン,？,人間,男,189,25,84
731,ノミオス,？,モンスター,オス,115,87,70
732,ロイド,？,人間,男,267,46,22
733,クリューサ,？,モンスター,オス,87,17,76
734,ラムペトス,？,モンスター,オス,254,42,48
735,プリアモス,？,モンスター,メス,103,90,82
736,マーベリック,？,人間,男,233,65,24
737,ポルテウスボロス,？,モンスター,メス,264,59,41
738,イロス,Ｉ,モンスター,オス,99,24,34
739,ランディ,？,人間,男,215,100,45
740,バーネット,？,人間,女,177,71,5
741,ジニー,？,人間,女,296,59,47
742,ティム,？,人間,男,241,10,47
743,ウインター,？,人間,男,210,84,51
744,ブリッド,？,人間,男,263,61,54
745,ディエス,？,モンスター,オス,130,74,81
746,フォーダム,？,人間,男,111,11,52
747,ネルソン,？,人間,男,183,88,36
748,ドローネ,？,人間,女,75,73,75
749,サザビー,？,人間,男,137,32,8
750,バーバラ,？,人間,女,168,22,9
751,ハリー,？,人間,男,224,97,49
752,シーモア,？,人間,女,89,5,71
753,ペナーテス,？,モンスター,オス,86,2,8
754,ストーン,？,人間,男,135,78,88
755,ジョベス,？,人間,女,297,7,35
756,キャサリン,？,人間,女,131,32,11
757,ネッソス,？,モンスター,メス,243,79,22
758,テーネス,？,モンスター,メス,123,71,24
759,イロス,Ｉ,モンスター,メス,256,63,41
760,闇風,−,モンスター,メス,176,51,26
761,ミュリーネ,？,モンスター,メス,177,52,78
762,ドレーク,？,人間,男,148,47,46
763,フォックス,？,人間,男,255,67,48
764,プロクリス,？,モンスター,オス,81,40,46
765,ラオダメイア,？,モンスター,オス,185,84,93
766,ルナ,？,人間,女,207,6,57
767,リベンティーナ,？,モンスター,オス,97,87,16
768,リュケイオス,？,モンスター,オス,232,48,2
769,インフェリー,Ｉ,モンスター,オス,277,43,70
770,ジョドー,？,人間,男,233,36,77
771,キース,？,人間,男,178,92,67
772,メロプス,？,モンスター,メス,203,56,79
773,エリス,？,人間,女,217,73,44
774,ナウテース,？,モンスター,オス,204,16,89
775,トアース,？,モンスター,メス,166,23,92
776,ミナコウ,？,モンスター,オス,204,93,38
777,シーシュポス,？,モンスター,オス,194,80,3
778,テューボン,？,モンスター,メス,153,36,65
779,ネライラ,？,モンスター,メス,201,41,83
780,マカーオン,？,モンスター,オス,215,32,32
781,シングルトン,？,人間,男,51,37,31
782,リュクルゴス,？,モンスター,オス,247,4,6
783,ジョアン,？,人間,女,159,32,83
784,テレサ,？,人間,女,198,24,87
785,シャディ,？,人間,女,135,33,69
786,テルクシオン,？,モンスター,オス,268,67,45
787,リュンコス,？,モンスター,メス,274,36,30
788,ケイン,？,人間,男,116,5,75
789,グレンダ,？,人間,女,218,57,31
790,ポリュダムナ,？,モンスター,オス,33,5,19
791,ピテュス,？,モンスター,オス,269,48,12
792,ブレイク,？,人間,男,176,35,91
793,イアモス,Ｉ,モンスター,メス,93,70,22
794,エバ,？,人間,女,207,46,45
795,パーニャ,？,人間,女,113,51,81
796,ジュリア,？,人間,女,215,74,31
797,アルスノバ,Ａ,モンスター,メス,89,15,83
798,シノーペ,？,モンスター,オス,290,39,83
799,パネース,？,モンスター,メス,234,3,94
800,ヘリアース,？,モンスター,メス,289,5,55
801,メムピス,？,モンスター,メス,125,23,11
802,タバサ,？,人間,女,223,58,90
803,ファウナ,Ｆ,モンスター,メス,258,83,97
804,ピット,？,人間,男,184,25,35
805,ガイスト,？,人間,男,149,70,2
806,レダ,？,人間,女,116,13,58
807,エウエノス,Ｅ,モンスター,オス,92,25,54
808,プロクネー,？,モンスター,メス,104,87,29
809,ティアラ,？,人間,女,101,96,43
810,リュケイオス,？,モンスター,メス,196,87,32
811,サリバン,？,人間,男,181,17,76
812,マクファーソン,？,人間,男,299,84,40
813,メガレウス,？,モンスター,オス,266,97,42
814,モロッソス,？,モンスター,オス,160,78,57
815,ブラックバーン,？,人間,男,201,9,33
816,サロメ,？,人間,女,117,9,100
817,パメラ,？,人間,女,201,58,79
818,カーティス,？,人間,男,250,65,74
819,ニュクス,？,モンスター,オス,109,58,40
820,ブランドル,？,人間,男,86,50,20
821,チェスター,Ｃ,人間,男,166,91,99
822,ダナエー,？,モンスター,メス,252,89,66
823,エウロペ,Ｅ,モンスター,メス,284,35,81
824,シールズ,？,人間,女,285,15,7
825,エドガー,？,人間,男,53,35,43
826,ヴィンセント,Ｖ,人間,男,176,38,3
827,テーネス,？,モンスター,オス,64,34,19
828,サリオス,？,モンスター,メス,267,11,11
829,リサ,？,人間,女,102,49,45
830,オイアクス,？,モンスター,メス,217,10,76
831,ランバート,？,人間,男,283,65,76
832,ロビンズ,？,人間,男,182,69,16
833,エラトー,？,モンスター,オス,126,60,46
834,ハロルド,Ｈ,人間,男,199,21,99
835,ショーン,？,人間,女,295,72,42
836,バッカス,？,モンスター,オス,143,41,91
837,ニーレス,？,モンスター,オス,193,29,98
838,カティルス,？,モンスター,メス,222,25,88
839,バスター,？,人間,男,119,40,1
840,ベクター,？,人間,男,102,82,10
841,シキュオーン,？,モンスター,オス,183,76,21
842,ロギンス,？,人間,男,208,51,17
843,シノーペ,Ｓ,モンスター,メス,104,38,100
844,アンティゴネ,Ａ,モンスター,メス,217,70,22
845,アトロポス,Ａ,モンスター,オス,80,2,79
846,ベレキュンティ,？,モンスター,メス,284,64,75
847,デルキュノス,？,モンスター,メス,107,77,42
848,ウェンディ,？,人間,女,179,46,7
849,幻夢,−,モンスター,メス,139,1,58
850,ムーサ,？,モンスター,メス,83,43,21
851,クロフォード,？,人間,男,183,100,85
852,ラウェルナ,？,モンスター,メス,104,15,16
853,デアディーア,？,モンスター,メス,124,89,62
854,エウパラモ,Ｅ,モンスター,オス,266,3,40
855,メラムブース,？,モンスター,オス,133,80,88
856,マンセル,？,人間,男,226,82,87
857,デイビッド,？,人間,男,163,49,89
858,アニオス,Ａ,モンスター,メス,202,69,55
859,ダミアー,？,モンスター,オス,128,58,70
860,フォボス,？,モンスター,オス,189,49,90
861,ホーリー,？,人間,女,197,65,98
862,ハインライン,？,人間,男,184,87,53
863,リテュエルセーテ,？,モンスター,メス,86,16,60
864,コメット,？,人間,女,214,18,25
865,エーピオネ,Ｅ,モンスター,オス,86,23,77
866,クラナオス,？,モンスター,オス,117,54,38
867,アスカラボス,Ａ,モンスター,メス,223,26,82
868,モニカ,？,人間,女,114,73,11
869,イアン,Ｉ,人間,男,184,21,83
870,シモンヌ,？,人間,女,250,84,92
871,ディアース,？,モンスター,オス,133,82,21
872,ペニアー,？,モンスター,オス,261,65,80
873,アイティラ,Ａ,モンスター,オス,177,40,34
874,ムサシ,？,人間,男,273,20,20
875,ハンニバル,？,人間,男,296,81,53
876,インフェリー,Ｉ,モンスター,メス,152,67,56
877,エケトス,Ｅ,モンスター,オス,75,50,38
878,エピゴノイ,？,モンスター,オス,219,84,70
879,チェンバレン,？,人間,男,300,26,61
880,スパイク,？,人間,男,237,99,84
881,グラウケー,？,モンスター,メス,59,50,7
882,ジギー,？,人間,男,134,71,64
883,ケイシー,？,人間,女,290,44,34
884,シャネル,？,人間,女,75,41,21
885,シャルル,？,人間,女,283,95,79
886,ナッシュ,？,人間,男,128,90,38
887,サマンサ,？,人間,女,293,72,16
888,パーサ,？,人間,女,114,31,78
889,ギュアース,？,モンスター,メス,196,72,95
890,グレン,？,人間,男,80,35,2
891,エイドテア,Ｅ,モンスター,メス,229,86,56
892,アスカ,Ａ,人間,女,58,3,34
893,デイトリッヒ,？,人間,男,202,72,82
894,ミューケナイア,？,モンスター,オス,112,47,86
895,スージー,？,人間,女,248,81,44
896,オギュゴス,？,モンスター,メス,257,81,95
897,カウコーン,？,モンスター,メス,300,71,55
898,パッサカリア,？,モンスター,メス,92,21,90
899,オイアクス,？,モンスター,オス,299,88,44
900,ケパロス,？,モンスター,オス,222,63,17
901,グラウケー,？,モンスター,オス,110,26,50
902,フィッシャー,？,人間,男,102,93,38
903,セメレー,？,モンスター,メス,164,86,80
904,カプラン,？,人間,男,242,21,75
905,ホプラダーモス,？,モンスター,オス,202,64,66
906,ピーソス,？,モンスター,メス,278,38,40
907,フォアシュピル,？,モンスター,メス,89,88,21
908,ケパロス,？,モンスター,メス,86,64,14
909,ウェスタ,？,モンスター,メス,232,61,47
910,テュケー,？,モンスター,オス,27,19,24
911,アイトネー,Ａ,モンスター,オス,237,72,29
912,リトルジョン,？,人間,男,120,5,55
913,ラトナー,？,モンスター,メス,294,95,14
914,テウクロス,？,モンスター,メス,296,19,78
915,ジル,？,人間,女,182,4,58
916,コールマン,？,人間,男,292,43,96
917,ココ,？,人間,女,184,89,94
918,テンスベルガー,Ｔ,人間,男,173,68,97
919,セイラ,？,人間,女,276,41,6
920,ベーロス,？,モンスター,オス,296,76,51
921,リプリー,？,人間,女,201,97,51
922,ラウスス,？,モンスター,オス,262,79,46
923,キニスン,Ｋ,人間,男,156,74,97
924,ペルセポネー,？,モンスター,オス,103,28,88
925,ヴェガ,？,人間,女,173,5,83
926,シルウァーヌ,？,モンスター,メス,63,10,45
927,ポリュボス,？,モンスター,メス,277,67,59
928,ボイス,？,人間,男,214,54,63
929,カウノス,？,モンスター,メス,160,98,53
930,プロクネー,？,モンスター,オス,59,16,26
931,カムペ,？,モンスター,メス,139,23,75
932,ライナス,？,人間,男,195,19,4
933,ジェニファー,？,人間,女,148,5,19
934,モルペウス,Ｍ,モンスター,メス,204,95,98
935,イーロス,Ｉ,モンスター,メス,272,33,17
936,タンタルス,？,モンスター,メス,112,22,24
937,エウアドネ,Ｅ,モンスター,オス,98,69,73
938,メトーペ,？,モンスター,オス,286,26,24
939,キュージコス,？,モンスター,メス,211,72,78
940,デビッド,？,人間,男,215,34,37
941,ビッキー,？,人間,女,175,74,44
942,ピテュス,？,モンスター,メス,251,12,91
943,クラナオス,？,モンスター,メス,206,43,66
944,カイン,？,人間,男,100,82,93
945,セレック,？,人間,男,228,58,9
946,ベロニカ,？,人間,女,290,29,29
947,オリーブ,？,人間,女,229,26,83
948,マールス,？,モンスター,オス,132,42,40
949,オギュゴス,？,モンスター,オス,234,58,86
950,クローディア,？,人間,女,245,54,50
951,ハリアーラ,？,モンスター,メス,270,48,13
952,ノリス,？,人間,男,144,47,68
953,カールソン,？,人間,男,299,14,56
954,ジュディ,？,人間,女,267,38,25
955,ペネローペ,？,人間,女,160,12,77
956,ガレオ,？,モンスター,メス,124,2,32
957,リテュエルセーテ,？,モンスター,オス,157,73,62
958,ストレイカー,？,人間,男,71,58,33
959,リップ,？,人間,女,203,19,86
960,スレイダー,？,人間,男,204,27,87
961,アイギス,Ａ,モンスター,メス,160,8,16
962,チェリー,？,人間,女,247,75,12
963,セリーヌ,？,人間,女,300,94,26
964,ネイロス,？,モンスター,オス,150,60,63
965,ステラ,？,人間,女,271,69,25
966,アカコス,Ａ,モンスター,オス,231,13,93
967,ラオダメイア,？,モンスター,メス,190,92,64
968,ケリー,？,人間,男,131,29,35
969,ミニュアス,？,モンスター,オス,151,9,62
970,ステファニー,？,人間,女,176,44,21
971,レイモネー,？,モンスター,メス,262,90,2
972,ジェーン,Ｊ,人間,女,300,44,99
973,リデル,？,人間,男,107,33,20
974,ニーレス,？,モンスター,メス,254,33,73
975,クリューサ,？,モンスター,メス,246,48,86
976,アイリーン,Ａ,人間,女,278,67,63
977,サファイア,？,人間,女,77,60,34
978,ドナ,？,人間,女,225,71,75
979,ヤーヌス,？,モンスター,メス,225,24,77
980,マカリアー,？,モンスター,メス,100,63,2
981,ベーロス,？,モンスター,メス,157,45,60
982,ペリアス,？,モンスター,メス,232,47,2
983,ヘミテーア,？,モンスター,メス,94,11,94
984,イアンテー,Ｉ,モンスター,メス,205,19,76
985,アニータ,Ａ,人間,女,239,42,63
986,ユスティティア,？,モンスター,メス,270,69,56
987,ノア,？,人間,男,77,33,3
988,ネーナ,？,人間,女,161,9,69
989,エレボス,？,モンスター,メス,280,45,22
990,ピーエリア,？,モンスター,オス,196,56,46
991,ピーエリア,？,モンスター,メス,167,61,34
992,アイギス,Ａ,モンスター,オス,282,31,88
993,モルペウス,？,モンスター,オス,106,60,88
994,マーロー,？,人間,男,202,87,61
995,アイルトン,Ａ,人間,男,189,30,34
996,オパール,？,人間,女,194,5,83
997,ペルセース,？,モンスター,オス,93,5,59
998,サブリナ,？,人間,女,209,91,75
999,ティスペー,？,モンスター,オス,226,39,32
1000,シューメー,？,モンスター,オス,131,58,57
1001,プリクソス,？,モンスター,オス,226,75,87
1002,デルポイ,？,モンスター,オス,200,25,35
1003,ドレファス,？,人間,男,157,94,51
1004,プロミオス,？,モンスター,メス,280,79,94
1005,ネアイラ,？,モンスター,オス,176,14,71
1006,リノス,？,モンスター,オス,85,36,44
1007,シーラ,？,人間,女,165,34,7
1008,グレッグ,？,人間,男,72,72,46
1009,アティス,Ａ,モンスター,メス,149,41,14
1010,イヌウス,Ｉ,モンスター,オス,259,3,72
1011,レウコーン,？,モンスター,メス,115,78,9
1012,アカイア,Ａ,モンスター,メス,247,82,13
1013,ペーダソス,？,モンスター,メス,233,90,19
1014,ミニァデス,？,モンスター,メス,166,59,45
1015,デアディーア,？,モンスター,オス,235,43,42
1016,サーシャ,？,人間,女,76,76,14
1017,ホプラダーモス,？,モンスター,メス,127,80,76
1018,ダルダノス,？,モンスター,メス,241,94,16
1019,スパイダー,？,人間,男,123,13,28
1020,エレボス,？,モンスター,オス,129,99,91
1021,プロトオス,？,モンスター,オス,300,64,96
1022,雷電,−,モンスター,メス,247,22,92
1023,ヴェルナー,Ｖ,人間,男,159,91,95
1024,アルバート,Ａ,人間,男,113,22,61
